Category	Title	Link	Title1	Link1	Title2	Link2
Leadership	20Books Vegas 2023: Level Up Your Author Business	https://youtu.be/oi8ccDuDizE	Vegas 2022 - Opening Ceremony & High Powered Authors Panel	https://youtu.be/YHyiwwKlcD4	Vegas 2021 - Scaling Up Your Author Career	https://youtu.be/p-OZJ-IIVOg
Leadership	Opening Ceremony & High Powered Authors Panel	https://youtu.be/YHyiwwKlcD4	Vegas 2022 - Children's Books	https://youtu.be/5ZcRZS7EJEI	Vegas 2021 - Clean & Wholesome Romance	https://youtu.be/VZxz0EDVPqg
Leadership	The Author's Journey Begins at the End of Your Comfort Zone	https://youtu.be/wNKQzyYQpnI	Vegas 2022 - Better Readthrough, Higher Royalties	https://youtu.be/A-kCJ_Ad0vI	Vegas 2021 - How to Do a Photo Shoot for Your Cover, Ads & Brand	https://youtu.be/lfG1MLy-9Y0
Leadership	Going For What You Want	https://youtu.be/ZTEgzOqeNjo	Vegas 2022 - Audiobooks vs. Audio Dramatization	https://youtu.be/NeuqvRQj3dM	Vegas 2021 - Jami Albright - Wish I’d Known Then About Indie Publishing	https://youtu.be/ePQbGq_NhSc
Leadership	Burnout Recovery and The Ladder Out	https://youtu.be/MiaPNUwV8SM	Vegas 2022 - Increase Your Sales at Google Play Books and Apple Books	https://youtu.be/jOzIvaro8b8	Vegas 2021 - Kevin J. Anderson - Perfect Storm: Indie Publishing Happened	https://youtu.be/0tzZKySey5g
Leadership	How to Become the CEO of Your Author Business	https://youtu.be/B6RhTP0b6_g	Vegas 2022 - Evergreen: Keep People Signed Up to Your Newsletter	https://youtu.be/yil4LZsakj8	Vegas 2021 - Amazon A+ Content	https://youtu.be/mzhIVq2iAvQ
Leadership	The Power and the Pitfalls of Publishing	https://youtu.be/o7ZEb7-UwTU	Vegas 2022 - Production and Motivation	https://youtu.be/uA1rkFZ3Uqg	Vegas 2019 - Maximized Blurbification	https://youtu.be/PaCjmxZJJo0
Leadership	Production and Motivation	https://youtu.be/uA1rkFZ3Uqg	Vegas 2022 - Author Success Archetypes	https://youtu.be/K9rIrW0sKXQ	Vegas 2019 - Amazon Ads 101	https://youtu.be/3uoVAKCosz4
Leadership	Author Success Archetypes	https://youtu.be/K9rIrW0sKXQ	Vegas 2022 - Full-Time Living Off Fewer Than One Book a Year	https://youtu.be/QSdnWwQAFXw	Vegas 2019 - Productivity	https://youtu.be/aHdTrcsaxuw
Leadership	When a Small Press and Traditional Publisher Collaborate	https://youtu.be/0F68hNi3G6Q	Vegas 2022 - Working Through Adversity	https://youtu.be/Y2rvSHjrUdA	Vegas 2019 - From Author to Empire	https://youtu.be/iMtBryz7ODE
Leadership	Working Through Adversity	https://youtu.be/Y2rvSHjrUdA	Vegas 2022 - IASFA - Membership Meeting	https://youtu.be/8O07WXe75TE	Vegas 2019 - Ask Us Anything	https://youtu.be/QzjcWkbxwVM
Leadership	IASFA - Membership Meeting	https://youtu.be/8O07WXe75TE	Vegas 2022 - Keynote Speech - Michael Anderle	https://youtu.be/a7dJebWxUFI	Vegas 2019 - Industry Representatives	https://youtu.be/9iZ6FkzdtqE
Leadership	Keynote Speech - Michael Anderle	https://youtu.be/a7dJebWxUFI	Vegas 2022 - Black Ice - How to Survive When Your Career Goes into an Unexpected Spin	https://youtu.be/UZdPy6sRahA	Vegas 2019 - High Powered Authors	https://youtu.be/YiGkwsiO2U4
Leadership	Black Ice - How to Survive When Your Career Goes into an Unexpected Spin	https://youtu.be/UZdPy6sRahA	Vegas 2022 - Getting the Technology & Science Right for Novels	https://youtu.be/79-8W-SVGTc	Vegas 2019 - Productivity	https://youtu.be/aHdTrcsaxuw
Craft of Writing	Women's Fiction and Romance	https://youtu.be/ywVeYZNwH4Y	Vegas 2022 - Reader Expectations	https://youtu.be/9tGe81U4vJM	Vegas 2021 - Creating Emotional Connections	https://youtu.be/1sIAmOdxCvw
Craft of Writing	Reader Expectations	https://youtu.be/9tGe81U4vJM	Vegas 2022 - Secrets of Genres	https://youtu.be/wkl_PR-_ah0	Vegas 2021 - Crossing Genre Lines	https://youtu.be/6h8FOxIZ2UQ
Craft of Writing	Secrets of Genres	https://youtu.be/wkl_PR-_ah0	Vegas 2022 - Creativity and Cash	https://youtu.be/AaiCHHxNsII	Vegas 2021 - Crafting Narrative	https://youtu.be/FiGWfxmsI4E
Craft of Writing	Creativity and Cash	https://youtu.be/AaiCHHxNsII	Vegas 2022 - It's the End of the World	https://youtu.be/66qz_rplPRo	Vegas 2021 - The Building Blocks of Romance	https://youtu.be/g351ZiacRSY
Craft of Writing	It's the End of the World	https://youtu.be/66qz_rplPRo	Vegas 2022 - Better Writing Through Stronger Narrative	https://youtu.be/xPpZHOpv66c	Vegas 2021 - Joe Nassise - Story Structure	https://youtu.be/l97soEqf-yE
Craft of Writing	Better Writing Through Stronger Narrative	https://youtu.be/xPpZHOpv66c	Vegas 2022 - Supporting Characters And Subplots	https://youtu.be/FjkOIxm-nys	Vegas 2021 - Developing a Strong, Individual Writer’s Voice	https://youtu.be/hdInRNFAbz4
Craft of Writing	Supporting Characters And Subplots	https://youtu.be/FjkOIxm-nys	Vegas 2022 - The Role of RPGs in Storytelling	https://youtu.be/yILb3lgfxD8	Vegas 2021 - Jonathan Maberry - The Ticking Clock	https://youtu.be/CYgZ4U_WZbg
Craft of Writing	The Role of RPGs in Storytelling	https://youtu.be/yILb3lgfxD8	Vegas 2022 - Beats of a Satisfying Plot	https://youtu.be/WgAdpCSYQKs	Vegas 2021 - Writing Dark Characters	https://youtu.be/MMb0fTKCbRs
Craft of Writing	Beats of a Satisfying Plot	https://youtu.be/WgAdpCSYQKs	Vegas 2022 - Quick Story Map - An Azimuth Check for Your WIP	https://youtu.be/4-0DglEoTRk	Vegas 2021 - Building Worlds	https://youtu.be/lSjB9gBzsO0
Craft of Writing	Quick Story Map - An Azimuth Check for Your WIP	https://youtu.be/4-0DglEoTRk	Vegas 2022 - Self-Editing for Muscular Prose	https://youtu.be/G-1fkg-NiBI	Vegas 2021 - Kate Pickford - How to Make Your Novel UNPUTDOWNABLE	https://youtu.be/yDs4sFZre44
Craft of Writing	Self-Editing for Muscular Prose	https://youtu.be/G-1fkg-NiBI	Vegas 2022 - Editing Boot Camp (Palace 4 version)	https://youtu.be/pdTBFosc2ds	Vegas 2021 - M.A. Rothman - Putting Science in Science Fiction	https://youtu.be/jEQm-Kj1ixU
Craft of Writing	Editing Boot Camp (Palace 4 version)	https://youtu.be/pdTBFosc2ds	Vegas 2022 - Great Beginnings	https://youtu.be/OU-6NYIKVEM	Vegas 2021 - Kevin J  Anderson - Productivity	https://youtu.be/EVgY1uJUJPQ
Craft of Writing	Great Beginnings	https://youtu.be/OU-6NYIKVEM	Vegas 2022 - Old School Monsters	https://youtu.be/Jcz0ShSe4U4	Vegas 2021 - David Weber - Staying Creative During a Long Career	https://youtu.be/8XoGhLsDD44
Craft of Writing	Old School Monsters	https://youtu.be/Jcz0ShSe4U4	Vegas 2022 - Working Backwards to Move Forwards	https://youtu.be/POsBQC-y1tE	Vegas 2021 - Writing Artificial Intelligence (AI) Intelligently	https://youtu.be/WhJu3kC6tZ0
Craft of Writing	Working Backwards to Move Forwards	https://youtu.be/POsBQC-y1tE	Vegas 2022 - Writing into the Dark	https://youtu.be/WHFukILTNgQ	Vegas 2021 - Steven Higgs - Writing for Maximum Productivity	https://youtu.be/Vg8ooTGvWaA
Craft of Writing	Writing into the Dark	https://youtu.be/WHFukILTNgQ	Vegas 2022 - How to Write a Bestseller Using Blockbuster Software	https://youtu.be/9sGwBhttykA	Vegas 2021 - Five Most Common Developmental Fears	https://youtu.be/T6APrCIGM04
Craft of Writing	How to Write a Bestseller Using Blockbuster Software	https://youtu.be/9sGwBhttykA	Vegas 2022 - Editing Boot Camp (Bronze 1 version)	https://youtu.be/vhAk1CZIyUM	Vegas 2021 - Kyla Stone - Write to Market: The Mindset & Decision	https://youtu.be/WgueUKiftzk
Craft of Writing	Editing Boot Camp (Bronze 1 version)	https://youtu.be/vhAk1CZIyUM	Vegas 2022 - Writing Action	https://youtu.be/Jq7vKPpRKc4	Vegas 2021 - Becca Syme - Productivity Myths	https://youtu.be/SLrwmj9uUvc
Craft of Writing	Writing Action	https://youtu.be/Jq7vKPpRKc4	Vegas 2022 - Storytelling in Someone Else's Universe	https://youtu.be/PikdYVJtzzY	Vegas 2021 - John Truby - Story Rescue Workshop	https://youtu.be/QIFjeokMJMA
Craft of Writing	Storytelling in Someone Else's Universe	https://youtu.be/PikdYVJtzzY	Vegas 2022 - Writing The Antagonist	https://youtu.be/pBiQixtVWvY	Vegas 2021 - Reaching Readers When Writing a Longer Series	https://youtu.be/GahZ_Hqzj4g
Craft of Writing	Writing The Antagonist	https://youtu.be/pBiQixtVWvY	Vegas 2022 - The Value of Research	https://youtu.be/Bc6vuceBWMo	Vegas 2021 - Plottr Usage Overview and Tips	https://youtu.be/zKUdMQjqytA
Craft of Writing	The Value of Research	https://youtu.be/Bc6vuceBWMo	Vegas 2022 - How to Carry an Audience Seamlessly From One Book to the Next	https://youtu.be/uvnfyZDHluM	Vegas 2021 - Getting Firearms Right in Fiction	https://youtu.be/8LXHyApBztE
Craft of Writing	How to Carry an Audience Seamlessly From One Book to the Next	https://youtu.be/uvnfyZDHluM	Vegas 2022 - Writing Better Action Scenes	https://youtu.be/M7Pnda3nBgk	Vegas 2021 - Martha Carr Urban Fantasy Worldbuilding	https://youtu.be/yGBDe3LNU2g
Craft of Writing	Writing Better Action Scenes	https://youtu.be/M7Pnda3nBgk	Vegas 2022 - Writing for a Video Game	https://youtu.be/Lb1ukWFJDYk	Vegas 2021 - Jonathan Maberry - The Short Story	https://youtu.be/f5tyHtzl31Y
Craft of Writing	Writing for a Video Game	https://youtu.be/Lb1ukWFJDYk	Vegas 2022 - What Makes Mainstream Mystery Sell?	https://youtu.be/r1ubj5RnRvc	Vegas 2021 - Breathing Life into Your Characters	https://youtu.be/R4zpVGHbCNg
Craft of Writing	What Makes Mainstream Mystery Sell?	https://youtu.be/r1ubj5RnRvc	Vegas 2022 - How to Test Your Magic System	https://youtu.be/TnZTEDArzdE	Vegas 2021 - Working with an Editor	https://youtu.be/Br2-RKRCTrA
Craft of Writing	How to Test Your Magic System	https://youtu.be/TnZTEDArzdE	Vegas 2022 - Character Development	https://youtu.be/nUeJn9KXqVw	Vegas 2021 - Writing Realistic Scenes With UF Characters	https://youtu.be/_PTekRJkLzY
Craft of Writing	Character Development	https://youtu.be/nUeJn9KXqVw	Vegas 2022 - Dialogue	https://youtu.be/GWY42pl2Prw	Vegas 2021 - Clarity of Narrative	https://youtu.be/GfA_IW29g9g
Craft of Writing	Dialogue	https://youtu.be/GWY42pl2Prw	Vegas 2022 - Worldbuilding: A Conversation	https://youtu.be/OYsKpB_XVS0	Vegas 2021 - Use Nine Truths To Tell One Lie	https://youtu.be/Gi0GAsyehtg
Craft of Writing	Worldbuilding: A Conversation	https://youtu.be/OYsKpB_XVS0	Vegas 2022 - Writing Better Villains	https://youtu.be/oszCTLAbi2Q	Vegas 2021 - Creative + Strategic + Individualized	https://youtu.be/0dI5Lixmusg
Craft of Writing	Writing Better Villains	https://youtu.be/oszCTLAbi2Q	Vegas 2022 - Unleash the Arcane with the Magic-System Blueprint	https://youtu.be/7mNKBr9ZRWk	Vegas 2021 - Worldbuilding with Merchandising in Mind	https://youtu.be/QggmrSnX2pg
Craft of Writing	Unleash the Arcane with the Magic-System Blueprint	https://youtu.be/7mNKBr9ZRWk	Vegas 2022 - Writing Better Short Stories	https://youtu.be/m4rbdxUxqNE	Vegas 2021 - Write to Market 2021 Masterclass	https://youtu.be/b_iw3im_DwA
Craft of Writing	Writing Better Short Stories	https://youtu.be/m4rbdxUxqNE	Vegas 2022 - System-First Series Creation	https://youtu.be/CzNzRQtg4js	Vegas 2021 - Making SF Worlds and Aliens Feel as Real as This One	https://youtu.be/U84JVcyetqE
Craft of Writing	System-First Series Creation	https://youtu.be/CzNzRQtg4js	Vegas 2022 - Making Your Magic Matter	https://youtu.be/iCA4L80VmwQ	Vegas 2021 - Character Driven Urban Fantasy	https://youtu.be/3j-clljOTE4
Craft of Writing	Making Your Magic Matter	https://youtu.be/iCA4L80VmwQ	Vegas 2022 - Writing a Compelling Thriller	https://youtu.be/63J-VQUqqp0	Vegas 2021 - Emotional Resonance	https://youtu.be/vvUwMa-uayw
Craft of Writing	Writing a Compelling Thriller	https://youtu.be/63J-VQUqqp0	Vegas 2022 - Writing Dialogue	https://youtu.be/EIFOEtTGA1w	Vegas 2021 - Crafting Narrative	https://youtu.be/FiGWfxmsI4E
Craft of Writing	Writing Dialogue	https://youtu.be/EIFOEtTGA1w	Vegas 2022 - Plottr for Pantsers	https://youtu.be/g6WMOBw54AM	Vegas 2021 - Writing a Memoir to Break into the Author Business	https://youtu.be/jqTDNIOa6HM
Craft of Writing	Plottr for Pantsers	https://youtu.be/g6WMOBw54AM	Vegas 2022 - Creative Process	https://youtu.be/rX630ucP7Bc	Vegas 2021 - How to Build Magic Systems	https://youtu.be/OPdItzqyAF8
Craft of Writing	Creative Process	https://youtu.be/rX630ucP7Bc	Vegas 2022 - Thrills and Chills: Horror and Cross-Genre Thrillers	https://youtu.be/ZAbx4DW_VS4	Vegas 2019 - Attitude of a Fiction Author	https://youtu.be/71Q8aw5jzrE
Craft of Writing	Thrills and Chills: Horror and Cross-Genre Thrillers	https://youtu.be/ZAbx4DW_VS4	Vegas 2022 - Balance Romance, Steam, and Plot into a Series with Multiple Partners	https://youtu.be/Ma5bjhFFVAs	Vegas 2019 - Write to Market 2019 Edition	https://youtu.be/gtJEYX6rMx0
Craft of Writing	Balance Romance, Steam, and Plot into a Series with Multiple Partners	https://youtu.be/Ma5bjhFFVAs	Vegas 2022 - The Pitch	https://youtu.be/PcypK-9ezqA	Vegas 2019 - Productivity	https://youtu.be/aHdTrcsaxuw
Craft of Writing	The Pitch	https://youtu.be/PcypK-9ezqA	Vegas 2022 - Deconstructing a Paragraph	https://youtu.be/i4c_mXOxn9A	Vegas 2019 - Keeping A Series Interesting	https://youtu.be/6SqZ1UFDVTk
Craft of Writing	Deconstructing a Paragraph	https://youtu.be/i4c_mXOxn9A	Vegas 2022 - Building a Fandom to Create Reader Loyalty	https://youtu.be/2oOaKzb_T3E	Vegas 2019 - The Destructive Pursuit of Perfection	https://youtu.be/8j68TKKEfrA
Craft of Writing	Building a Fandom to Create Reader Loyalty	https://youtu.be/2oOaKzb_T3E	Vegas 2022 - Success Stories	https://youtu.be/RIblZglRBPk	Vegas 2019 - Story Rescue Workshop	https://youtu.be/kY1Fav8odmc
Craft of Writing	Writing With PTSD and Using It as Therapy	https://youtu.be/8K_6yVJwed8	Vegas 2023 - 20Books Vegas 2023: Level Up Your Author Business	https://youtu.be/oi8ccDuDizE	Vegas 2021 - Self Care Panel	https://youtu.be/92m0h-ZWpTU
Panels	Success Stories	https://youtu.be/RIblZglRBPk	Vegas 2022 - Opening Ceremony & High Powered Authors Panel	https://youtu.be/YHyiwwKlcD4	Vegas 2021 - High Powered Authors	https://youtu.be/O7IgnccrTwY
Panels	New Author Tips for Getting into Audio	https://youtu.be/EEWg7jJo5ag	Vegas 2022 - Building Your Promotional Engagement	https://youtu.be/PkwRaHHQzUo	Vegas 2021 - Subcontracting Tasks in your Author Business	https://youtu.be/ackCaL3jNmo
Panels	Children's Books	https://youtu.be/5ZcRZS7EJEI	Vegas 2022 - Western Romance	https://youtu.be/qxCW5_DJv4Q	Vegas 2021 - Military Sci-Fi Panel	https://youtu.be/yBGuq0Wix8w
Panels	Western Romance	https://youtu.be/qxCW5_DJv4Q	Vegas 2022 - Reverse Harem	https://youtu.be/ptHdhbrgfrk	Vegas 2021 - Advanced Reader Copy	https://youtu.be/YdYbLIcSeDw
Panels	Reverse Harem	https://youtu.be/ptHdhbrgfrk	Vegas 2022 - Military Science Fiction	https://youtu.be/M7daQ1WoFGc	Vegas 2021 - Realistic Police Procedural Panel	https://youtu.be/ch7ONNbwB4g
Panels	Military Science Fiction	https://youtu.be/M7daQ1WoFGc	Vegas 2022 - Memoir	https://youtu.be/d85RRF1In8Q	Vegas 2021 - The Pitch: A Panel for People Pitching a Sci-Fi Novel	https://youtu.be/v7DafKl9uIo
Panels	Memoir	https://youtu.be/d85RRF1In8Q	Vegas 2022 - Advanced Kickstarter	https://youtu.be/YUzJpNH8P_g	Vegas 2021 - Paranormal Romance Panel	https://youtu.be/EzGeCxw43XY
Panels	Advanced Kickstarter	https://youtu.be/YUzJpNH8P_g	Vegas 2022 - Thrillers	https://youtu.be/_4clumNyehw	Vegas 2021 - Co-Author Collaborations Panel	https://youtu.be/pezMIGLFaUc
Panels	Thrillers	https://youtu.be/_4clumNyehw	Vegas 2022 - How to Keep your Writer Writing - Part 1	https://youtu.be/caPkE0oB5vQ	Vegas 2021 - LGBTQ+ in Fiction Panel	https://youtu.be/UsbojHYO_ls
Panels	How to Keep your Writer Writing - Part 1	https://youtu.be/caPkE0oB5vQ	Vegas 2022 - Social Media Groups	https://youtu.be/1L2uOyBCSsM	Vegas 2021 - Superheroes Panel	https://youtu.be/2GBXgYdXDps
Panels	Social Media Groups	https://youtu.be/1L2uOyBCSsM	Vegas 2022 - Urban Fantasy	https://youtu.be/iBdz1V_rY-Y	Vegas 2021 - Post Apocalyptic Panel	https://youtu.be/ecRg5a6hxVE
Panels	Urban Fantasy	https://youtu.be/iBdz1V_rY-Y	Vegas 2022 - LitRPG	https://youtu.be/0qnH56SSOQI	Vegas 2021 - Audiobook Best Practices	https://youtu.be/ZglCLjTFxAg
Panels	LitRPG	https://youtu.be/0qnH56SSOQI	Vegas 2022 - Dark Romance	https://youtu.be/pc4UnRyySig	Vegas 2021 - Urban Fantasy Panel	https://youtu.be/4EkCaljyjso
Panels	Dark Romance	https://youtu.be/pc4UnRyySig	Vegas 2022 - Christian Fiction	https://youtu.be/x1_Dy_B2jHk	Vegas 2021 - Erotica Panel	https://youtu.be/PYQm01YeY0c
Panels	Christian Fiction	https://youtu.be/x1_Dy_B2jHk	Vegas 2022 - Fantasy	https://youtu.be/PB2n22JAlvI	Vegas 2021 - LitRPG Panel	https://youtu.be/-KqkD1wPpHg
Panels	Fantasy	https://youtu.be/PB2n22JAlvI	Vegas 2022 - Being an Indie Publisher	https://youtu.be/0QvBOlJRAus	Vegas 2021 - Cover Design Panel	https://youtu.be/mT8UqEuWAXE
Panels	Being an Indie Publisher	https://youtu.be/0QvBOlJRAus	Vegas 2022 - Post-Apocalyptic	https://youtu.be/MWGVEQxTEIM	Vegas 2021 - Writing Dark Characters	https://youtu.be/MMb0fTKCbRs
Panels	Post-Apocalyptic	https://youtu.be/MWGVEQxTEIM	Vegas 2022 - Steamy Romance	https://youtu.be/Sq5I3tFMje8	Vegas 2021 - Action/Adventure Panel	https://youtu.be/xTFk5sA0He4
Panels	Steamy Romance	https://youtu.be/Sq5I3tFMje8	Vegas 2022 - Historical Fiction	https://youtu.be/wBLq8uYD-04	Vegas 2021 - Thriller Panel with Mark Dawson	https://youtu.be/p0gV0HZHc54
Panels	Historical Fiction	https://youtu.be/wBLq8uYD-04	Vegas 2022 - Paranormal Romance	https://youtu.be/rQdv9Xyr9f0	Vegas 2021 - Working with Beta & Proofreaders	https://youtu.be/tGJMpu6VJj8
Panels	Paranormal Romance	https://youtu.be/rQdv9Xyr9f0	Vegas 2022 - Horror	https://youtu.be/2wHCH36tT9Y	Vegas 2021 - Fantasy Panel	https://youtu.be/sqrgeDWqqTs
Panels	Horror	https://youtu.be/2wHCH36tT9Y	Vegas 2022 - Space Opera	https://youtu.be/DSuW2jzg8fo	Vegas 2021 - Romance or Humour as a Secondary Theme Panel	https://youtu.be/_iLk603-KVo
Panels	Space Opera	https://youtu.be/DSuW2jzg8fo	Vegas 2022 - How to Keep your Writer Writing (Part 2)	https://youtu.be/vXU1J2kwklg	Vegas 2021 - Historical Panel	https://youtu.be/YV5nmcl4Lns
Panels	How to Keep your Writer Writing (Part 2)	https://youtu.be/vXU1J2kwklg	Vegas 2022 - Setting Up Your Author Business Like an Old Pro	https://youtu.be/H0bLqaOMXRo	Vegas 2021 - Direct Sales Panel	https://youtu.be/xKbVS5ocmEY
Panels	Affiliate and Universal Book Links	https://youtu.be/0QYhVQDa510	Vegas 2022 - Upping Your Blurb Game	https://youtu.be/kSyftxfyV1k	Vegas 2021 - Kevin J.  Anderson - Productivity	https://youtu.be/EVgY1uJUJPQ
Panels	Podium Publishing	https://youtu.be/d-rW6znj4xQ	Vegas 2022 - Foreign Language Translations	https://youtu.be/V8LjdjG2hN4	Vegas 2019 - Organizing and Scheduling	https://youtu.be/qzPBDM94rAs
Panels	Foreign Language Translations	https://youtu.be/V8LjdjG2hN4	Vegas 2022 - Taking a Book to Film	https://youtu.be/F-uoGjekw0I	Vegas 2019 - Bootstrapping	https://youtu.be/5_1hcIkoy4Q
Panels	Getting the Technology & Science Right for Novels	https://youtu.be/79-8W-SVGTc	Vegas 2022 - Tricks of Staying Productive Over Time	https://youtu.be/jmgpnqIqWe8	Vegas 2019 - Keeping A Series Interesting	https://youtu.be/6SqZ1UFDVTk
Panels	Cozy Mystery	https://youtu.be/98fwZuqFgIk	Vegas 2022 - Writing With PTSD and Using It as Therapy	https://youtu.be/8K_6yVJwed8	Vegas 2019 - Cozy Mysteries Panel	https://youtu.be/QH-dDyDSv4M
						
						
						
Business	Setting Up Your Author Business Like an Old Pro	https://youtu.be/H0bLqaOMXRo	Vegas 2022 - The Author's Journey Begins at the End of Your Comfort Zone	https://youtu.be/wNKQzyYQpnI	Vegas 2021 - Dave Chesson: Atticus Overview	https://youtu.be/vNbXy7sQX0M
Business	Better Readthrough, Higher Royalties	https://youtu.be/A-kCJ_Ad0vI	Vegas 2022 - Husband-Wife Writing Duos	https://youtu.be/c1Or01VCMvU	Vegas 2021 - Your Author Brand	https://youtu.be/WCQoBZJ0R9o
Business	Getting Started in Children's Books	https://youtu.be/D6JIP2pwWp0	Vegas 2022 - Amazon Scams Authors Need to Be Wary About	https://youtu.be/VR4jr4V7avg	Vegas 2021 - Brian Meeks - Blurbology 101	https://youtu.be/7XwCOQifbeU
Business	How to Craft the Perfect Reader Magnet	https://youtu.be/C5pvAX5_zBw	Vegas 2022 - Building a Community of Fans	https://youtu.be/7Av2zyCghi4	Vegas 2021 - Distributing Audiobooks Wide	https://youtu.be/vtMtpgskbY0
Business	Building a Community of Fans	https://youtu.be/7Av2zyCghi4	Vegas 2022 - Wider Than Wide: Getting Your Audiobooks into More Hands	https://youtu.be/QLSiemd4t1s	Vegas 2021 - Joe Solari - Business 101	https://youtu.be/pleRfxmvseM
Business	Production Balance	https://youtu.be/_mtRIP5fLqQ	Vegas 2022 - The Importance of Eggs Benedict to Your Career as an Author	https://youtu.be/l8loKUnOWPM	Vegas 2021 - Making a List Run (USA Today, Solo Title) Part 1	https://youtu.be/dTXq2pagkTQ
Business	Books To Film & TV	https://youtu.be/YFne8-JPIT4	Vages 2022 - Killer Patreon Strategy	https://youtu.be/0e2TNChbI2g	Vegas 2021 - Judith Anderle - Foreign Rights	https://youtu.be/6YL1Mh9fVEc
Business	Slowly Building a Platform	https://youtu.be/waHxrG49Exg	Vegas 2022 - Google: AI Narrated Books	https://youtu.be/H3QSh7e5fDQ	Vegas 2021 - Audiobook Best Practices	https://youtu.be/ZglCLjTFxAg
Business	Google: AI Narrated Books	https://youtu.be/H3QSh7e5fDQ	Vegas 2022 - Constructing the Perfect Amazon Book Sales Page	https://youtu.be/J6WFZ5KhkDo	Vegas 2021 - Stuck, Blocked, Or Burned Out	https://youtu.be/SU_ui6Gr9Jg
Business	The Five Pillars of Publishing	https://youtu.be/_PL1h67CK3o	Vegas 2022 - Selling Mr. Darcy	https://youtu.be/T-QoFu5-ay4	Vegas 2021 - Racing Forward by Driving in Both Lanes	https://youtu.be/zR-ZRidMALE
Business	Selling Mr. Darcy	https://youtu.be/T-QoFu5-ay4	Vegas 2022 - Spotify & Findaway Voices	https://youtu.be/RUoeUxNOjPM	Vegas 2021 - The Future of Publishing	https://youtu.be/tC0kET2Aj3U
Business	Make Money On Kickstarter	https://youtu.be/m_UWey8rBqQ	Vegas 2022 - Dreamscape Media	https://youtu.be/NFwjGqFr56s	Vegas 2021 - Planning & Organization	https://youtu.be/A3fFS_m_h8o
Business	Dreamscape Media	https://youtu.be/NFwjGqFr56s	Vegas 2022 - Foreign Rights	https://youtu.be/6efGDEmdUyo	Vegas 2021 - Running a Brick and Mortar Store	https://youtu.be/KknBTN1k3LE
Business	Foreign Rights	https://youtu.be/6efGDEmdUyo	Vegas 2022 - Drawing Out the Dragons	https://youtu.be/YzF7azERtDQ	Vegas 2021 - Long Term vs Short Term Business Decisions	https://youtu.be/E5LQK-JTpHY
Business	Drawing Out the Dragons	https://youtu.be/YzF7azERtDQ	Vegas 2022 - Six Figure Serials	https://youtu.be/0kg6pP4cFB8	Vegas 2021 - Pricing Strategies With Craig Martelle	https://youtu.be/uNQ7P_6XUjk
Business	Six Figure Serials	https://youtu.be/0kg6pP4cFB8	Vegas 2022 - Intro to Amazon Advertising for Book Sales and Profit 2	https://youtu.be/ALh7RTatEHo	Vegas 2021 - Website Importance	https://youtu.be/e5tQ08jZtEc
Business	Using Direct Sales to Sell Books	https://youtu.be/2-S9aEZt7Cw	Vehas 2022 - Making Money with Audiobooks on YouTube	https://youtu.be/U6eS7K7obyE	Vegas 2021 - Podcasting	https://youtu.be/k3u4bMbBp8g
Business	Upping Your Blurb Game	https://youtu.be/kSyftxfyV1k	Vegas 2022 - Relational Marketing Using Actionable Gamification	https://youtu.be/Bd5nFiiRG0Y	Vegas 2021 - Dreamscape - Audiobooks	https://youtu.be/VRDhZRSsYGQ
Business	How to Attract the Right Readers That Will Stay With You	https://youtu.be/13dxV2qzB08	Vegas 2022 - Running a Seven-Figure Author Business	https://youtu.be/IVpoEFcSztg	Vegas 2021 - Introduction to Merchandising for Authors	https://youtu.be/IVpoEFcSztg
Business	Running a Seven-Figure Author Business	https://youtu.be/IVpoEFcSztg	Vegas 2022 - Cover Art & Author Branding	https://youtu.be/scVsjA9NMo0	Vegas 2021 - Business Contacts in the Self-Publishing World & Relationship Management	https://youtu.be/-o0gq6uh5aA
Business	Cover Art & Author Branding	https://youtu.be/scVsjA9NMo0	Vegas 2022 - Making Money From Google's AI Feature	https://youtu.be/d8q4Efnhr7A	Vegas 2021 - Tracking Costs and Return on Investment (ROI)	https://youtu.be/S8_4KZEM_r0
Business	Opportunities with B&N	https://youtu.be/yWrh20n8cgk	Vegas 2022 - Getting Your Nonfiction Business to Six Figures	https://youtu.be/TYeke42uyXc	Vegas 2021 - Social Media: Threat or Menace?	https://youtu.be/wQ47ij8cQQI
Business	Getting Your Nonfiction Business to Six Figures	https://youtu.be/TYeke42uyXc	Vegas 2022 - Young Authors	https://youtu.be/wRa_IFWz8Yw	Vegas 2021 - Write to Market: The Mindset & Decision	https://youtu.be/WgueUKiftzk
Business	The Business Basics of Writing and Publishing	https://youtu.be/EhCUpn1iGwI	Vegas 2022 - Going For What You Want	https://youtu.be/ZTEgzOqeNjo	Vegas 2021 - In Person Events Sales	https://youtu.be/KvO5bygKSHQ
Business	Audiobooks vs. Audio Dramatization	https://youtu.be/NeuqvRQj3dM	Vegas 2022 - Blurbs	https://youtu.be/J1V_abX3ESI	Vegas 2021 - Bryan Cohen - Profit with Amazon Ads	https://youtu.be/WPHEbkWtu0U
Business	Blurbs	https://youtu.be/J1V_abX3ESI	Vegas 2022 - Advanced Business Concepts	https://youtu.be/qarjFXRUZYc	Vegas 2021 - Mark Leslie Lefebvre - Killing it on Kobo	https://youtu.be/xTc6fKlq260
Business	Advanced Business Concepts	https://youtu.be/qarjFXRUZYc	Vegas 2022 - Advanced Amazon Ads	https://youtu.be/cGD0wvAlSHQ	Vegas 2021 - BookFunnel - Using Reader Magnet to Build Your List	https://youtu.be/1cKluCoetcA
Business	Story Origin	https://youtu.be/R8x2nJuAAG0	Vegas 2022 - The Whys and Hows of Transitioning Your Ebooks to Wide	https://youtu.be/WzWC15E2jjU	Vegas 2021 - Dan Wood - Marketing on a Shoestring	https://youtu.be/BuIdNwu8o6g
Business	The Whys and Hows of Transitioning Your Ebooks to Wide	https://youtu.be/WzWC15E2jjU	Vegas 2022 - Physical (Digital) Security of Your IP and Your Business	https://youtu.be/jrRWo3QqusI	Vegas 2021 - Basic Record-keeping	https://youtu.be/Tma_wy_wt6E
Business	Physical (Digital) Security of Your IP and Your Business	https://youtu.be/jrRWo3QqusI	Vegas 2022 - How To Make Your Books Make More Without Hurting Your IP Rights	https://youtu.be/cd8DUhKyVh0	Vegas 2021 - Tammi Labrecque - Advanced Newsletter Techniques	https://youtu.be/FqZCOSQgHqk
Business	Bootstrapping	https://youtu.be/u5NrWkPKHkI	Vegas 2022 - Less Time, More Readers	https://youtu.be/3mjusuVZa5w	Vegas 2021 - The Five Pillars of Indie Publishing	https://youtu.be/yFXZAoi02sk
Business	Newsletter List Hygiene	https://youtu.be/7S4R1eMTG_8	Vegas 2022 - Cover Design Studio	https://youtu.be/iOHwJoqNqcM	Vegas 2021 - Mal Cooper - Facebook Ads	https://youtu.be/GGyo-BOJb1o
Business	Increase Your Sales at Google Play Books and Apple Books	https://youtu.be/jOzIvaro8b8	Vegas 2022 - Queries for Agents	https://youtu.be/Wa0PqYr0fio	Vegas 2021 - Britt Andrews - TikTok	https://youtu.be/kpDOQ7tdAwk
Business	Queries for Agents	https://youtu.be/Wa0PqYr0fio	Vegas 2022 - Press Releases and Reviews	https://youtu.be/z3Kzg79R7zI	Vegas 2021 - Mark Dawson – Fuse Books	https://youtu.be/8REa2VPX2cs
Business	Press Releases and Reviews	https://youtu.be/z3Kzg79R7zI	Vegas 2022 - Mastering Keywords and Categories	https://youtu.be/gfib8ngPs2Y	Vegas 2021 - Chris Fox - Write to Market 2021 Masterclass	https://youtu.be/b_iw3im_DwA
Business	1000 True Fans for Authors	https://youtu.be/g5_hCfT6RGs	Vegas 2022 - Math is Money with ScribeCount	https://youtu.be/Mw2wN3pELxQ	Vegas 2021 - Basic Numbers for Authors	https://youtu.be/P3li4lrULnY
Business	Math is Money with ScribeCount	https://youtu.be/Mw2wN3pELxQ	Vegas 2022 - Using Kobo Plus to Reach Global Readers	https://youtu.be/ym24e3qf5ss	Vegas 2021 - Creativity & Cash	https://youtu.be/SgMrwl5MRsY
Business	Using Kobo Plus to Reach Global Readers	https://youtu.be/ym24e3qf5ss	Vegas 2022 - Facebook Author Page: Most Valuable Real Estate in Front of Newsletter	https://youtu.be/12yrfMkOpRE	Vegas 2021 - Author Cross Promotions	https://youtu.be/aBgiJQ-PITI
Business	Kickstarter Basic	https://youtu.be/E_WQ-luTNdc	Vegas 2022 - Maximizing What Authors Do Best by Hiring a VA	https://youtu.be/pWi1wvbpuzo	Vegas 2021 - Licensing Domestic Works	https://youtu.be/fJsXz63Yr38
Business	Maximizing What Authors Do Best by Hiring a VA	https://youtu.be/pWi1wvbpuzo	Vegas 2022 - How to Become the CEO of Your Author Business	https://youtu.be/B6RhTP0b6_g	Vegas 2021 - An Overview of Book Brush	https://youtu.be/tth96gR2fkw
Business	Evergreen: Keep People Signed Up to Your Newsletter	https://youtu.be/yil4LZsakj8	Vegas 2022 - Pinterest Ads	https://youtu.be/bjWGzeFG4SY	Vegas 2021 - Vellum 3.0: An Overview	https://youtu.be/4igfy2iqzA0
Business	Go Direct with BookFunnel	https://youtu.be/BakGBLdxLdg	Vegas 2022 - Increase Sales with B&N and Kobo	https://youtu.be/VBKjAz4FkmY	Vegas 2019 - Amazon Data Overview (K-lytics)	https://youtu.be/pZ8w9GlNKRE
Business	Increase Sales with B&N and Kobo	https://youtu.be/VBKjAz4FkmY	Vegas 2022 - Tips to Take a Kickstarter Over the Top	https://youtu.be/mQ0rvnISOE8	Vegas 2019 - Making Money With One Book A Year	https://youtu.be/A1e_8p1_osM
Business	Vellum - Creating a Special Edition	https://youtu.be/5I_YZpUNeuE	Vegas 2022 - The Power and the Pitfalls of Publishing	https://youtu.be/o7ZEb7-UwTU	Vegas 2019 - How To Turn Readers into Super Fans	https://youtu.be/J8RgNQJryL0
Business	Full-Time Living Off Fewer Than One Book a Year	https://youtu.be/QSdnWwQAFXw	Vegas 2022 - BookBub Ads	https://youtu.be/q2EqEN1PyNk	Vegas 2019 - Newsletter Tips and Tricks	https://youtu.be/IknKBACoVjk
Business	Copyright and ISBNs	https://youtu.be/1aUQs2Kai3w	Vegas 2022 - AI Generated Art	https://youtu.be/V4E0WXTdBnc	Vegas 2019 - The Future of Publishing	https://youtu.be/EVNxix6L-Mc
Business	AI Generated Art	https://youtu.be/V4E0WXTdBnc	Vegas 2022 - Advanced Book Marketing	https://youtu.be/8h7HaZvyB68	Vegas 2019 - Business 101	https://youtu.be/M6QcGdKGMQM
Business	Taking a Book to Film	https://youtu.be/F-uoGjekw0I	Vegas 2022 - Working with a Cover Designer	https://youtu.be/l3vGc-qqgms	Vegas 2019 - Readership Building	https://youtu.be/fxD6-L30o1M
Business	Working with a Cover Designer	https://youtu.be/l3vGc-qqgms	Vegas 2022 - Another Look at Facebook Ads by a Multi-Six-Figure Author	https://youtu.be/tN4ZAFWFeQY	Vegas 2019 - Voice Dictation	https://youtu.be/LXTO9_oGZY8
Business	Another Look at Facebook Ads by a Multi-Six-Figure Author	https://youtu.be/tN4ZAFWFeQY	Vegas 2022 - When a Small Press and Traditional Publisher Collaborate	https://youtu.be/0F68hNi3G6Q	Vegas 2019 - Blurb-Ad Alignment	https://youtu.be/c73zfo93xPk
Business	Tricks of Staying Productive Over Time	https://youtu.be/jmgpnqIqWe8	Vegas 2022 - Cozy Mystery	https://youtu.be/98fwZuqFgIk	Vegas 2019 - Story Rescue Workshop	https://youtu.be/kY1Fav8odmc
						
						
						
Marketing	Building Your Promotional Engagement	https://youtu.be/PkwRaHHQzUo	Vegas 2022 - Get the Most Out of Facebook Ads	https://youtu.be/WthnhX3zy3Y	Vegas 2021 - Books to TV:  Our Journey	https://youtu.be/pXjGqWmKWmg
Marketing	Get the Most Out of Facebook Ads	https://youtu.be/WthnhX3zy3Y	Vegas 2022 - Crush Your Kickstarter Goals	https://youtu.be/mYUBjiKmB3Q	Vegas 2021 - Dave Chesson - Optimizing Keywords	https://youtu.be/N6TjXnMnC7k
Marketing	In-Person Sales	https://youtu.be/ZFOfOr0qBi4	Vegas 2022 - Slowly Building a Platform	https://youtu.be/waHxrG49Exg	Vegas 2021 - Kickstarter Basics	https://youtu.be/YfsS2lLCHSw
Marketing	Constructing the Perfect Amazon Book Sales Page	https://youtu.be/J6WFZ5KhkDo	Vegas 2022 - The Five Pillars of Publishing	https://youtu.be/_PL1h67CK3o	Vegas 2021 - Ghostwriting for Publishers and Authors	https://youtu.be/C12ThekFtik
Marketing	Intro to Amazon Advertising for Book Sales and Profit 2	https://youtu.be/ALh7RTatEHo	Vegas 2022 - Using Direct Sales to Sell Books	https://youtu.be/2-S9aEZt7Cw	Vegas 2021 - Starting an Indie Publishing Business	https://youtu.be/-m77DeOae9M
Marketing	Relational Marketing Using Actionable Gamification	https://youtu.be/Bd5nFiiRG0Y	Vegas 2022 - How to Attract the Right Readers That Will Stay With You	https://youtu.be/13dxV2qzB08	Vegas 2021 - Advanced Business Strategies	https://youtu.be/A7rdGQRgwYc
Marketing	Making Money From Google's AI Feature	https://youtu.be/d8q4Efnhr7A	Vegas 2022 - Opportunities with B&N	https://youtu.be/yWrh20n8cgk	Vegas 2021 - Tricks, Tips, and Pitfalls in Publishing Wide	https://youtu.be/XkizQJ2HeZQ
Marketing	Advanced Amazon Ads	https://youtu.be/cGD0wvAlSHQ	Vegas 2022 - Story Origin	https://youtu.be/R8x2nJuAAG0	Vegas 2021 - Plan Your Launch / Launch Your Plan	https://youtu.be/B54JNPUBMTE
Marketing	How To Make Your Books Make More Without Hurting Your IP Rights	https://youtu.be/cd8DUhKyVh0	Vegas 2022 - Atticus Overview & Updates	https://youtu.be/cRx4xY2yUxg	Vegas 2021 - One Day to a Great Author Website	https://youtu.be/XnY8YrrOPXM
Marketing	Atticus Overview & Updates	https://youtu.be/cRx4xY2yUxg	Vegas 2022 - Building a Team to Drive You to Success	https://youtu.be/88gjPUjxWZ0	Vegas 2021 - Kickstarter as a First Payment in Your Revenue Stream	https://youtu.be/fFy9I8xxn5M
Marketing	TikTok with James Blatch	https://youtu.be/VmUBIbs37M8	Vegas 2022 - Bootstrapping	https://youtu.be/u5NrWkPKHkI	Vegas 2021 - Chris Fox -  Never Write Another Novel, and Still Making a Living	https://youtu.be/lg-aQS_PPEI
Marketing	Less Time, More Readers	https://youtu.be/3mjusuVZa5w	Vegas 2022 - Direct Sales	https://youtu.be/53KTsBd2C2s	Vegas 2021 - Project Management for Writers	https://youtu.be/KxGroM42gkY
Marketing	Cover Design Studio	https://youtu.be/iOHwJoqNqcM	Vegas 2022 - Burnout Recovery and The Ladder Out	https://youtu.be/MiaPNUwV8SM	Vegas 2021 - RJ Blain - Patreon as an Alternative and Substantial Revenue Stream	https://youtu.be/ymMlhClxS5Q
Marketing	Mastering Keywords and Categories	https://youtu.be/gfib8ngPs2Y	Vegas 2022 - 1000 True Fans for Authors	https://youtu.be/g5_hCfT6RGs	Vegas 2021 - Caroline Pechham - Scaling Up Your Author Career	https://youtu.be/p-OZJ-IIVOg
Marketing	Facebook Author Page: Most Valuable Real Estate in Front of Newsletter	https://youtu.be/12yrfMkOpRE	Vegas 2022 - Kickstarter Basic	https://youtu.be/E_WQ-luTNdc	Vegas 2021 - Mark Leslie Lefebvre - Wide for the Win	https://youtu.be/bvtQBPucLYk
Marketing	BookBub Ads	https://youtu.be/q2EqEN1PyNk	Vegas 2022 - Copyright and ISBNs	https://youtu.be/1aUQs2Kai3w	Vegas 2019 - The Destructive Pursuit of Perfection	https://youtu.be/8j68TKKEfrA
Marketing	Advanced Book Marketing	https://youtu.be/8h7HaZvyB68	Vegas 2022 - Podium Publishing	https://youtu.be/d-rW6znj4xQ	Vegas 2019 - Keywords and Publisher Rocket	https://youtu.be/qACy-jMFsLM
Business/Craft of Writing	Husband-Wife Writing Duos	https://youtu.be/c1Or01VCMvU	Vegas 2022 - Getting Started in Children's Books	https://youtu.be/D6JIP2pwWp0	Vegas 2021 - Transitioning Amazon Exclusive to Wide	https://youtu.be/mJUjHKgcpLI
Business/Craft of Writing	Amazon Scams Authors Need to Be Wary About	https://youtu.be/VR4jr4V7avg	Vegas 2022 - How to Craft the Perfect Reader Magnet	https://youtu.be/C5pvAX5_zBw	Begas 2021 - RE Vance - Bookbub Ads	https://youtu.be/8NE0gPrYWnY
Marketing/Craft of Writing	Getting the Most From an Anthology	https://youtu.be/m8APEfKq1Fc	Vegas 2022 - Production Balance	https://youtu.be/_mtRIP5fLqQ	Vegas 2021 - Advanced Book Marketing Strategies	https://youtu.be/7nvyI6y7qNY
Marketing/Craft of Writing	Young Authors	https://youtu.be/wRa_IFWz8Yw	Vegas 2022 - The Business Basics of Writing and Publishing	https://youtu.be/EhCUpn1iGwI	Vegas 2021 - Becca Syme - Productivity Myths	https://youtu.be/SLrwmj9uUvc
Business/Marketing	Wider Than Wide: Getting Your Audiobooks into More Hands	https://youtu.be/QLSiemd4t1s	Vegas 2022 - Scaling Wide and Direct Sales	https://youtu.be/0RkYN_G0cQI	Vegas 2021 - Middle Grade: Cracking the Code of Sales	https://youtu.be/dw1GEiTSB28
Business/Marketing	Scaling Wide and Direct Sales	https://youtu.be/0RkYN_G0cQI	Vegas 2022 - PublishDrive	https://youtu.be/8GhR4mvCE7Q	Vegas 2021 - Rapid Release Marketing	https://youtu.be/yEW3iDtd-HQ
Business/Marketing	PublishDrive	https://youtu.be/8GhR4mvCE7Q	Vegas 2022 - Getting the Most From an Anthology	https://youtu.be/m8APEfKq1Fc	Vegas 2021 - 10 Tips for Writing Emails	https://youtu.be/hIb3tyw0Amc
Business/Marketing	The Importance of Eggs Benedict to Your Career as an Author	https://youtu.be/l8loKUnOWPM	Vegas 2022 - Intro to Amazon Advertising for Book Sales and Profit	https://youtu.be/9_pSST7E1H4	Vegas 2021 - Making a List Run (USA Today, Solo Title) Part 2	https://youtu.be/03gzM7zWNHo
Business/Marketing	Intro to Amazon Advertising for Book Sales and Profit	https://youtu.be/9_pSST7E1H4	Vegas 2022 - Books To Film & TV	https://youtu.be/YFne8-JPIT4	Vegas 2021 - Contracting for Audio	https://youtu.be/p8tp893I3r8
Business/Marketing	Killer Patreon Strategy	https://youtu.be/0e2TNChbI2g	Vegas 2022 - New Author Tips for Getting into Audio	https://youtu.be/EEWg7jJo5ag	Vegas 2021 - Podium Audio Presents	https://youtu.be/SFe3TzEpVFA
Business/Marketing	Crush Your Kickstarter Goals	https://youtu.be/mYUBjiKmB3Q	Vehas 2022 - In-Person Sales	https://youtu.be/ZFOfOr0qBi4	Vegas 2021 - Maximising Amazon:  A Beginner’s Guide	https://youtu.be/r53orPQCue4
Business/Marketing	Spotify & Findaway Voices	https://youtu.be/RUoeUxNOjPM	Vegas 2022 - Make Money On Kickstarter	https://youtu.be/m_UWey8rBqQ	Vegas 2021 - Legal Issues for Authors	https://youtu.be/Q4eIT1Zjekw
Business/Marketing	Making Money with Audiobooks on YouTube	https://youtu.be/U6eS7K7obyE	Vegas 2022 - Affiliate and Universal Book Links	https://youtu.be/0QYhVQDa510	Vegas 2021 - TickTok – Starting and Growing Your TikTok Platform	https://youtu.be/dBiIPaeYUmk
Business/Marketing	Building a Team to Drive You to Success	https://youtu.be/88gjPUjxWZ0	Vegas 2022 - TikTok with James Blatch	https://youtu.be/VmUBIbs37M8	Vegas 2021 - Trademark And Copyright	https://youtu.be/wuyFICHePJ8
Business/Marketing	Direct Sales	https://youtu.be/53KTsBd2C2s	Vegas 2022 - Newsletter List Hygiene	https://youtu.be/7S4R1eMTG_8	Vegas 2021 - Licensing Audio: Know Your Subsidiary Rights	https://youtu.be/_Uo44aSisaU
Business/Marketing	Pinterest Ads	https://youtu.be/bjWGzeFG4SY	Vegas 2022 - Go Direct with BookFunnel	https://youtu.be/BakGBLdxLdg	Vegas 2021 - First Steps for Unpublished Authors	https://youtu.be/eLNO8LV0epg